City_ID,City,Lat,Lng,Max Temp,Humidity,Cloudiness,Wind Speed,Country,Date
0,marsa alam,25.0757,34.8918,26.04,79,100,2.01,EG,1699722047
1,margate,51.3813,1.3862,7.61,86,20,0.89,GB,1699722135
2,acajutla,13.5928,-89.8275,30.57,63,38,2.17,SV,1699722136
3,quellon,-43.1167,-73.6167,6.92,83,93,8.02,CL,1699722137
4,talnakh,69.4865,88.3972,-11.02,95,100,2.98,RU,1699722138
5,mahibadhoo,3.7833,72.9667,28.4,72,90,2.52,MV,1699722122
6,yellowknife,62.456,-114.3525,-0.88,100,75,5.14,CA,1699722009
7,labrador city,52.9463,-66.9114,-7.05,79,100,2.57,CA,1699722010
8,badger,64.8,-147.5333,-11.46,97,97,0.51,US,1699722143
9,bardai,11.65,7.2333,28.57,19,71,2.88,NG,1699722144
10,inhambane,-23.865,35.3833,25.0,69,0,4.12,MZ,1699722145
11,adamstown,-25.066,-130.1015,22.6,82,28,4.65,PN,1699722146
12,pogar,52.554,33.2591,5.0,87,100,7.7,RU,1699722147
13,pitimbu,-7.4706,-34.8086,29.33,66,98,6.02,BR,1699722147
14,tiksi,71.6872,128.8694,-11.3,87,100,7.81,RU,1699722148
15,puerto ayora,-0.7393,-90.3518,29.98,84,80,4.92,EC,1699722149
16,grytviken,-54.2811,-36.5092,4.17,85,32,0.22,GS,1699722150
17,smithers,54.7804,-127.1743,2.18,87,75,2.06,CA,1699722150
18,nova vicosa,-17.8919,-39.3719,30.21,55,10,8.07,BR,1699722151
19,vicente guerrero,19.1194,-98.1708,19.51,54,33,2.66,MX,1699722152
20,constantia,44.1833,28.65,11.38,70,100,6.54,RO,1699722153
21,ushuaia,-54.8,-68.3,6.81,70,75,10.8,AR,1699722125
22,vila velha,-20.3297,-40.2925,30.97,70,0,9.26,BR,1699722154
23,waitangi,-43.9535,-176.5597,11.11,82,28,5.24,NZ,1699722156
24,nar'yan-mar,67.6713,53.087,-4.94,94,92,8.05,RU,1699722157
25,axim,4.8699,-2.2405,27.72,78,37,3.88,GH,1699722158
26,klyuchi,52.2667,79.1667,4.6,76,99,5.04,RU,1699722159
27,puerto natales,-51.7236,-72.4875,8.32,47,100,5.03,CL,1699722160
28,thompson,55.7435,-97.8558,-1.91,86,100,3.6,CA,1699722064
29,sittwe,20.15,92.9,24.06,77,2,2.5,MM,1699722162
30,edinburgh of the seven seas,-37.0676,-12.3116,14.94,93,100,15.11,SH,1699722163
31,slave lake,55.2834,-114.769,-3.01,80,100,5.14,CA,1699722164
32,namibe,-15.1961,12.1522,21.85,73,95,4.14,AO,1699722165
33,praia,14.9215,-23.5087,29.3,51,23,5.66,CV,1699722165
34,port-aux-francais,-49.35,70.2167,3.42,63,14,5.3,TF,1699722166
35,olonkinbyen,70.9221,-8.7187,1.25,97,100,4.0,SJ,1699722167
36,pecos,31.4229,-103.4932,8.05,81,100,0.0,US,1699722001
37,kavaratti,10.5669,72.642,28.94,74,94,2.76,IN,1699722169
38,albany,42.6001,-73.9662,7.6,57,3,1.79,US,1699721935
39,colesberg,-30.72,25.0972,29.8,11,84,9.78,ZA,1699722170
40,isafjordur,66.0755,-23.124,0.02,80,75,1.54,IS,1699722170
41,wailua homesteads,22.0669,-159.378,23.24,90,41,0.89,US,1699722171
42,howard springs,-12.497,131.047,27.95,83,62,1.33,AU,1699722172
43,nizao,18.25,-70.2,32.04,65,11,7.79,DO,1699722172
44,rio branco do sul,-25.19,-49.3142,35.01,45,12,3.61,BR,1699722173
45,yuzhno-kurilsk,44.0306,145.8556,2.43,80,77,2.59,RU,1699722173
46,blackmans bay,-43.0167,147.3167,9.07,87,61,0.89,AU,1699722174
47,udachny,66.4167,112.4,-15.38,90,36,2.49,RU,1699722175
48,gaalkacyo,6.7697,47.4308,25.99,78,98,5.13,SO,1699722176
49,jianguang,28.1938,115.7836,12.25,86,100,6.26,CN,1699722177
50,manokwari,-0.8667,134.0833,26.05,82,94,3.04,ID,1699722177
51,iskateley,67.6803,53.1512,-4.99,94,93,8.05,RU,1699722178
52,isla vista,34.4133,-119.861,24.64,26,0,0.0,US,1699722178
53,recreo,-29.2818,-65.061,36.12,32,0,5.18,AR,1699722180
54,bilibino,68.0546,166.4372,-30.94,100,89,1.41,RU,1699722180
55,kourou,5.1552,-52.6478,31.03,61,8,5.37,GF,1699722181
56,alofi,-19.0595,-169.9187,21.94,100,100,7.72,NU,1699722182
57,bredasdorp,-34.5322,20.0403,17.29,62,4,7.56,ZA,1699722182
58,west island,-12.1568,96.8225,25.99,83,40,3.6,CC,1699722184
59,ancud,-41.8697,-73.8203,8.3,63,91,9.07,CL,1699722185
60,ilulissat,69.2167,-51.1,-7.99,45,75,4.12,GL,1699722186
61,bethel,41.3712,-73.414,11.68,59,11,0.89,US,1699722105
62,iquitos,-3.7481,-73.2472,30.02,89,40,2.06,PE,1699722190
63,marshfield,44.6689,-90.1718,3.58,59,53,3.82,US,1699722075
64,gadzhiyevo,69.2551,33.3362,-5.88,85,81,2.87,RU,1699722205
65,yakakent,41.6325,35.5289,20.17,57,90,4.49,TR,1699722207
66,bichura,50.5881,107.6022,-12.06,89,5,1.36,RU,1699722209
67,jindabyne,-36.4167,148.6333,12.81,94,77,0.9,AU,1699722209
68,alta,69.9689,23.2717,-3.41,85,100,2.57,NO,1699722210
69,palmer,42.1584,-72.3287,10.74,49,20,6.69,US,1699722211
70,longyearbyen,78.2186,15.6401,-6.09,73,75,3.6,SJ,1699722212
71,harpanahalli,14.8,75.9833,22.64,62,16,3.36,IN,1699722212
72,port hedland,-20.3167,118.5667,25.03,73,1,3.6,AU,1699722161
73,paramonga,-10.6667,-77.8333,22.55,72,79,4.86,PE,1699722214
74,vorgashor,67.5833,63.95,-8.28,97,84,3.64,RU,1699722215
75,anadyr,64.75,177.4833,-17.72,84,20,4.0,RU,1699722216
76,midleton,51.9153,-8.1805,9.88,83,100,8.05,IE,1699722217
77,vila franca do campo,37.7167,-25.4333,22.16,99,12,4.01,PT,1699722218
78,angaur state,6.906,134.13,29.0,75,97,3.01,PW,1699722218
79,ebon,4.582,168.6964,26.97,85,100,4.9,MH,1699722219
80,walla walla,46.0646,-118.343,13.21,53,98,3.58,US,1699722041
81,avarua,-21.2078,-159.775,22.03,94,75,1.03,CK,1699722221
82,puerto carreno,6.189,-67.4859,30.99,74,20,1.03,CO,1699722223
83,san jose del guaviare,2.5729,-72.6459,28.65,81,79,0.43,CO,1699722224
84,al kharijah,25.4514,30.5464,29.88,36,100,2.01,EG,1699722224
85,ocos,14.5094,-92.1933,32.1,71,63,2.87,GT,1699722225
86,westport,41.1415,-73.3579,12.96,50,75,4.63,US,1699722226
87,selfoss,63.9331,-20.9971,1.69,82,97,3.35,IS,1699722227
88,lebowakgomo,-24.2,29.5,29.5,23,0,2.36,ZA,1699722227
89,uturoa,-16.7333,-151.4333,27.25,79,96,4.71,PF,1699722228
90,zhob,31.3411,69.4481,15.17,22,0,1.01,PK,1699722228
91,arraial do cabo,-22.9661,-42.0278,31.98,74,0,6.69,BR,1699722155
92,lucelia,-21.7203,-51.0189,38.84,14,15,4.12,BR,1699722230
93,sinabang,2.4803,96.3801,25.78,85,92,1.06,ID,1699722230
94,ararangua,-28.9347,-49.4858,30.44,60,74,1.98,BR,1699722141
95,margaret river,-33.95,115.0667,12.18,69,82,6.67,AU,1699722231
96,buka,40.8108,69.1986,11.46,59,100,5.93,UZ,1699722232
97,sona,45.4388,10.8255,9.75,84,20,1.54,IT,1699722233
98,herkimer,43.0256,-74.986,5.45,71,7,0.45,US,1699722006
99,namdrik,5.5994,168.1028,26.27,91,100,3.97,MH,1699722234
100,buenos aires,-34.6132,-58.3772,26.11,54,0,2.57,AR,1699721700
101,nakamura,32.9833,132.9333,13.16,87,90,2.09,JP,1699722235
102,puerto baquerizo moreno,-0.9,-89.6,26.55,69,75,7.72,EC,1699722236
103,iqaluit,63.7506,-68.5145,-7.15,79,75,5.66,CA,1699722089
104,kidal,18.4411,1.4078,32.41,6,1,4.1,ML,1699722238
105,kirakira,-10.4544,161.9205,26.17,88,100,3.95,SB,1699722238
106,sirjan,29.452,55.6814,15.88,25,82,2.17,IR,1699722239
107,tabou,4.423,-7.3528,26.64,85,44,4.27,CI,1699722240
108,acapulco de juarez,16.8634,-99.8901,30.18,66,55,1.11,MX,1699722240
109,taulaga,-11.0553,-171.0883,28.06,77,50,3.27,AS,1699722241
110,ust-nera,64.5667,143.2,-33.01,99,64,1.95,RU,1699722242
111,georgetown,5.4112,100.3354,26.12,92,20,3.09,MY,1699722243
112,vadso,70.0744,29.7487,-2.91,80,40,7.2,NO,1699722244
113,troitsko-pechorsk,62.7084,56.1964,-4.61,98,92,1.34,RU,1699722245
114,chibougamau,49.9168,-74.3659,-3.21,74,100,5.14,CA,1699722246
115,juan griego,11.0817,-63.9655,30.12,66,94,6.9,VE,1699722247
116,san luis de la loma,17.2706,-100.8939,30.09,67,36,1.54,MX,1699722248
117,verkhnevilyuysk,63.4453,120.3167,-7.37,85,100,5.1,RU,1699722249
118,fortuna,40.5982,-124.1573,11.19,98,100,0.0,US,1699722250
119,pombas,17.1503,-25.0201,27.88,67,26,4.74,CV,1699722250
120,pangai,-19.8,-174.35,24.12,83,100,12.31,TO,1699722251
121,enewetak,11.3474,162.3373,27.99,77,90,6.65,MH,1699722252
122,port-gentil,-0.7193,8.7815,24.48,93,100,4.14,GA,1699722252
123,gaoual,11.75,-13.2,33.63,38,83,1.72,GN,1699722255
124,dudinka,69.4058,86.1778,-11.55,98,100,2.91,RU,1699722255
125,liwale,-9.7667,37.9333,27.4,55,85,3.69,TZ,1699722256
126,hithadhoo,-0.6,73.0833,27.15,83,22,5.33,MV,1699722257
127,alice springs,-23.7,133.8833,27.75,47,16,5.66,AU,1699722258
128,tsiombe,-25.3,45.4833,21.37,65,0,6.84,MG,1699722259
129,yanykurgan,43.915,67.2481,7.82,56,71,3.43,KZ,1699722260
130,aras-asan,8.8908,126.3033,25.7,86,54,1.72,PH,1699722261
131,afaahiti,-17.75,-149.2833,26.93,81,84,6.46,PF,1699722262
132,atafu village,-8.5421,-172.5159,28.73,74,36,4.45,TK,1699722262
133,berekum,7.4534,-2.584,25.35,91,59,1.92,GH,1699722263
134,jamestown,42.097,-79.2353,7.23,74,100,3.6,US,1699722182
135,camayenne,9.535,-13.6878,28.05,89,75,4.12,GN,1699722101
136,hasaki,35.7333,140.8333,10.22,65,100,6.59,JP,1699722265
137,papayal,-4.0761,-80.7361,32.66,41,30,4.2,PE,1699722266
138,port macquarie,-31.4333,152.9167,15.5,99,32,1.33,AU,1699722042
139,ylitornio,66.3089,23.6773,-13.38,100,61,1.87,FI,1699722267
140,flin flon,54.7682,-101.865,-1.09,86,0,5.66,CA,1699722221
141,rengasdengklok,-6.1592,107.2981,26.07,77,83,1.27,ID,1699722208
142,selibaby,15.159,-12.1829,36.83,11,47,1.33,MR,1699722269
143,saint-philippe,-21.3585,55.7679,24.77,84,76,4.85,RE,1699722270
144,ulan bator,47.9077,106.8832,-17.93,65,0,1.0,MN,1699722230
145,new norfolk,-42.7826,147.0587,9.72,93,51,1.46,AU,1699722272
146,cole harbour,44.6724,-63.4751,6.66,73,97,4.92,CA,1699722272
147,tezu,27.9167,96.1667,19.28,49,0,1.92,IN,1699722273
148,chonchi,-42.6128,-73.8092,9.51,83,70,4.62,CL,1699722216
149,el jadid,33.2549,-8.506,20.82,86,12,6.93,MA,1699722274
150,ad dabbah,18.05,30.95,31.76,20,56,3.79,SD,1699722275
151,kenai,60.5544,-151.2583,-2.7,98,20,1.54,US,1699722277
152,cacimba de dentro,-6.6417,-35.79,30.98,32,13,7.29,BR,1699722263
153,port isabel,26.0734,-97.2086,16.15,94,100,6.17,US,1699722279
154,port elizabeth,-33.918,25.5701,19.16,86,0,9.26,ZA,1699722280
155,invercargill,-46.4,168.35,14.45,56,72,5.36,NZ,1699722146
156,duong dong,10.2167,103.9667,24.0,94,40,0.51,VN,1699722281
157,ingersoll,43.0334,-80.883,6.57,76,100,1.19,CA,1699722281
158,touros,-5.1989,-35.4608,29.39,54,1,7.18,BR,1699722283
159,nueva concepcion,14.2,-91.3,30.29,67,36,1.79,GT,1699722283
160,trevelin,-43.0858,-71.4639,9.28,52,99,6.24,AR,1699722284
161,ribeira grande,38.5167,-28.7,21.22,88,40,5.81,PT,1699722285
162,crucecita,-28.95,-58.9833,37.59,37,91,4.3,AR,1699722286
163,praia da vitoria,38.7333,-27.0667,22.14,73,20,3.56,PT,1699722287
164,al artawiyah,26.5053,45.3444,22.73,30,2,2.8,SA,1699722287
165,lihue,21.9789,-159.3672,24.77,83,100,5.14,US,1699722288
166,kodiak,57.79,-152.4072,0.73,55,75,14.4,US,1699722288
167,punta arenas,-53.15,-70.9167,5.62,43,96,7.82,CL,1699722289
168,zharkent,44.1628,80.0,8.32,55,77,2.34,KZ,1699722289
169,qusmuryn,52.4503,64.6311,6.66,87,100,4.59,KZ,1699722290
170,alo,7.4178,6.7371,30.36,59,54,1.36,NG,1699722291
171,kirillov,59.863,38.3813,4.43,96,100,2.15,RU,1699722291
172,san julian,21.0167,-102.1667,20.0,60,99,5.76,MX,1699722292
173,ilebo,-4.3167,20.5833,22.36,98,99,1.25,CD,1699722292
174,lincoln city,44.9582,-124.0179,12.06,95,100,2.24,US,1699722293
175,tazacorte,28.629,-17.9293,23.97,78,75,4.12,ES,1699722293
176,stanley,54.868,-1.6985,7.1,90,75,1.03,GB,1699722294
177,noosa heads,-26.3833,153.15,18.95,74,28,1.86,AU,1699722295
178,santos dumont,-21.4567,-43.5525,30.54,33,12,3.04,BR,1699722261
179,ballina,-28.8667,153.5667,17.66,88,18,3.52,AU,1699722297
180,heihe,50.2441,127.4902,-15.68,79,0,4.15,CN,1699722298
181,puerto palomas,31.7667,-107.6167,10.57,65,100,2.48,MX,1699722298
182,brokopondo,4.75,-55.1667,32.83,50,13,1.92,SR,1699722299
183,huilong,31.8111,121.655,12.16,87,100,6.2,CN,1699722300
184,villa regina,-39.1,-67.0667,25.55,15,64,4.47,AR,1699722301
185,lebu,-37.6167,-73.65,10.89,59,100,7.52,CL,1699722302
186,san antonio de pale,-1.4014,5.6325,25.87,85,97,4.91,GQ,1699722303
187,tazovsky,67.4667,78.7,-4.68,95,100,4.33,RU,1699722306
188,pisco,-13.7,-76.2167,21.12,83,100,3.6,PE,1699722306
189,concepcion,-36.827,-73.0498,9.28,82,100,5.02,CL,1699722307
190,pionerskiy,54.9508,20.2275,7.86,88,100,2.35,RU,1699722308
191,qarauyl,48.9451,79.255,3.22,81,100,5.17,KZ,1699722309
192,la gi,10.6667,107.7833,26.28,87,80,5.37,VN,1699722309
193,burang,30.25,81.1667,-3.58,84,40,1.51,CN,1699722310
194,villa ojo de agua,-29.5,-63.6938,31.4,36,0,5.34,AR,1699722311
195,andong,36.5656,128.725,-0.42,65,80,1.69,KR,1699722312
196,ubari,26.5921,12.7805,25.53,20,0,3.52,LY,1699722312
197,canasgordas,6.7499,-76.0254,26.6,65,43,0.98,CO,1699722313
198,nikolayevsk-on-amure,53.1406,140.73,-10.92,92,99,4.03,RU,1699722314
199,katabu,-4.9333,122.5167,23.76,90,26,1.45,ID,1699722314
200,yilan,24.757,121.753,23.9,96,100,2.35,TW,1699722306
201,codrington,-38.2667,141.9667,8.72,86,11,3.26,AU,1699722316
202,plymouth,41.8334,-70.8328,11.86,53,40,5.66,US,1699721832
203,bonthe,7.5264,-12.505,28.2,73,99,3.25,SL,1699722317
204,sitka,57.0531,-135.33,3.94,87,75,3.09,US,1699722318
205,ilam,26.9167,87.9167,14.15,77,1,2.33,NP,1699722319
206,laguna,38.421,-121.4238,17.27,70,0,1.54,US,1699722125
207,antalaha,-14.9003,50.2788,24.35,87,68,3.99,MG,1699722320
208,pasuquin,18.3328,120.6177,25.8,79,71,3.92,PH,1699722321
209,bryne,58.7354,5.6477,5.55,87,75,1.03,NO,1699722322
210,shalya,57.2471,58.7298,2.24,99,100,1.68,RU,1699722323
211,zelenoborskiy,66.845,32.3622,-7.47,93,33,2.45,RU,1699722324
212,brookings,44.3114,-96.7984,5.81,72,0,5.66,US,1699722324
213,lido di ostia,41.7321,12.2765,15.95,53,0,1.54,IT,1699722325
214,el fasher,13.6279,25.3494,29.53,23,51,1.43,SD,1699722328
215,yabrud,33.9674,36.6574,13.95,41,100,1.64,SY,1699722329
216,nizhneangarsk,55.7833,109.55,-6.67,58,27,1.79,RU,1699722330
217,misratah,32.3754,15.0925,22.68,71,1,5.57,LY,1699722331
218,zhezqazghan,47.7833,67.7667,6.32,69,100,7.08,KZ,1699722331
219,posse,-14.0931,-46.3694,36.84,16,7,1.46,BR,1699722332
220,owen sound,44.5672,-80.9435,4.07,80,90,2.24,CA,1699722304
221,arkalyk,50.2486,66.9114,5.18,88,100,5.36,KZ,1699722333
222,itamaraca,-7.7478,-34.8256,30.03,58,98,5.39,BR,1699722334
223,northam,51.0333,-4.2167,9.25,88,100,5.12,GB,1699722335
224,carnarvon,-24.8667,113.6333,20.24,80,4,5.44,AU,1699722335
225,harstad,68.799,16.5293,-0.47,86,20,6.71,NO,1699722336
226,nova sintra,14.8667,-24.7167,22.46,71,89,5.25,CV,1699722337
227,minas de marcona,-15.2119,-75.1103,19.36,67,74,6.19,PE,1699722338
228,bamyan,34.75,67.25,0.9,30,28,1.6,AF,1699722340
229,quelimane,-17.8786,36.8883,25.97,73,0,5.36,MZ,1699722341
230,kailua-kona,19.6406,-155.9956,23.61,91,100,3.6,US,1699722298
231,maracacume,-2.0428,-45.9592,34.94,39,20,4.98,BR,1699722332
232,kununurra,-15.7667,128.7333,24.99,88,75,10.8,AU,1699722343
233,lorengau,-2.0226,147.2712,26.7,82,98,4.03,PG,1699722093
234,haiku-pauwela,20.9219,-156.3051,23.91,76,20,6.69,US,1699722344
235,saipan,15.1355,145.701,28.39,78,20,6.69,MP,1699722345
236,port blair,11.6667,92.75,28.02,83,40,1.03,IN,1699722346
237,tarifa,36.0139,-5.607,20.97,85,42,5.38,ES,1699722347
238,dongning,44.0622,131.1207,-14.01,89,19,2.58,CN,1699722347
239,mayya,61.7333,130.2811,-16.38,97,100,0.46,RU,1699722348
240,urucara,-2.5364,-57.76,39.33,28,40,2.11,BR,1699722349
241,luau,-10.7073,22.2247,22.84,69,78,1.42,AO,1699722271
242,krasnopavlivka,49.1372,36.3272,9.1,54,100,8.45,UA,1699722353
243,san,13.3034,-4.8956,36.59,11,93,3.17,ML,1699722354
244,sandnessjoen,66.0217,12.6316,-1.71,64,0,6.74,NO,1699722354
245,santa ana,33.7456,-117.8678,23.29,33,0,0.0,US,1699722258
246,hamilton,39.1834,-84.5333,10.55,55,1,1.79,US,1699722004
247,idrinskoye,54.3708,92.1358,-12.25,94,99,1.32,RU,1699722356
248,reggane,26.7158,0.1714,29.19,16,3,3.37,DZ,1699722357
249,gebeit,21.0667,36.3167,26.02,57,21,5.76,SD,1699722357
250,usinsk,65.9939,57.5281,-4.4,92,99,4.47,RU,1699722358
251,cooper's town,26.8667,-77.5167,25.85,81,2,4.69,BS,1699722359
252,kiunga,-6.1219,141.2906,21.56,93,74,1.22,PG,1699722359
253,khamis mushait,18.3064,42.7292,17.34,59,0,1.54,SA,1699722360
254,port douglas,-16.4833,145.4667,23.34,83,51,4.66,AU,1699722360
255,hermanus,-34.4187,19.2345,17.1,74,0,5.97,ZA,1699722361
256,goz beida,13.95,20.55,30.94,17,94,4.11,TD,1699722362
257,ciudad lazaro cardenas,17.9583,-102.2,29.64,65,38,0.14,MX,1699722298
258,ponte de sor,39.2496,-8.0101,19.26,78,100,3.62,PT,1699722364
259,tura,25.5198,90.2201,19.08,87,0,1.72,IN,1699722365
260,hawaiian paradise park,19.5933,-154.9731,21.13,94,100,2.57,US,1699722366
261,phan rang-thap cham,11.5667,108.9833,24.41,90,65,2.65,VN,1699722367
262,port mathurin,-19.6833,63.4167,25.36,80,13,3.95,MU,1699722367
263,kani keli,-12.9536,45.1033,27.59,76,86,2.52,YT,1699722368
264,crane,31.3974,-102.3501,11.6,69,100,1.89,US,1699722369
265,caluula,11.9661,50.7569,27.57,80,100,6.23,SO,1699722153
266,mammoth lakes,37.6485,-118.9721,7.97,30,0,0.0,US,1699722370
267,farafenni,13.5667,-15.6,36.26,17,10,0.91,GM,1699722372
268,guerrero negro,27.9769,-114.0611,21.6,30,0,0.34,MX,1699722375
269,mugia,43.1041,-9.2179,18.28,96,100,11.81,ES,1699722376
270,tyukhtet,56.5389,89.3011,-2.61,91,100,2.11,RU,1699722377
271,ihtiman,42.4333,23.8167,11.34,49,21,4.47,BG,1699722378
272,port alfred,-33.5906,26.891,18.99,86,26,3.13,ZA,1699722379
273,mahina,-17.5065,-149.489,27.87,74,40,5.14,PF,1699722380
274,sidney,-33.8679,151.2073,19.84,79,22,11.32,AU,1699722114
275,puerto aysen,-45.4,-72.7,8.14,92,90,2.64,CL,1699722382
276,santa cruz,-17.8,-63.1667,37.7,39,20,13.38,BO,1699722333
277,naze,28.3667,129.4833,17.51,70,96,5.61,JP,1699722384
278,amahai,-3.3333,128.9167,26.11,86,81,0.77,ID,1699722385
279,manismata,-2.4667,111.0333,24.04,93,72,0.42,ID,1699722386
280,luderitz,-26.6481,15.1594,20.24,58,0,12.67,NA,1699722387
281,okhotsk,59.3833,143.3,-18.6,87,7,9.25,RU,1699722387
282,ormond-by-the-sea,29.3491,-81.0665,28.94,75,40,4.12,US,1699722388
283,galliano,29.4422,-90.2992,21.0,88,100,3.09,US,1699722389
284,papao,-17.75,-149.55,27.82,78,90,5.52,PF,1699722390
285,ketchikan,55.3422,-131.6461,4.99,100,100,1.54,US,1699722391
286,jalai nur,49.45,117.7,-16.54,87,7,2.55,CN,1699722337
287,yesilyurt,38.2972,38.2497,7.97,51,7,2.27,TR,1699722392
288,pingzhuang,42.0372,119.2889,-9.79,82,10,1.46,CN,1699722393
289,sayat,38.7839,63.8803,9.93,35,44,3.25,TM,1699722394
290,coquimbo,-29.9533,-71.3436,17.23,72,12,5.21,CL,1699722395
291,kecskemet,46.9062,19.6913,8.18,100,100,5.14,HU,1699722396
292,papatowai,-46.5619,169.4708,8.95,78,49,3.73,NZ,1699722397
293,huarmey,-10.0681,-78.1522,23.45,70,35,5.08,PE,1699722398
294,utrik,11.2278,169.8474,26.03,91,100,6.72,MH,1699722399
295,la ronge,55.1001,-105.2842,-1.88,86,20,4.63,CA,1699722401
296,ixtapa,20.7,-105.2,30.13,74,40,1.79,MX,1699722402
297,timbuktu,16.7735,-3.0074,34.81,11,0,2.61,ML,1699722208
298,letpandan,17.7833,95.75,24.98,88,25,2.55,MM,1699722403
299,timimoun,29.2639,0.231,25.69,24,0,3.04,DZ,1699722404
300,fallon,39.4735,-118.7774,4.93,36,0,1.54,US,1699722404
301,aasiaat,68.7098,-52.8699,-12.79,78,100,3.02,GL,1699722405
302,kristiansund,63.1115,7.732,3.36,65,47,3.09,NO,1699722406
303,ariano irpino-martiri,41.1489,15.0833,11.36,76,17,4.12,IT,1699722407
304,saint joseph,39.7686,-94.8466,10.07,53,100,4.63,US,1699722407
305,la roda,39.2167,-2.15,15.55,65,100,10.42,ES,1699722408
306,laayoune,27.1622,-13.2032,29.19,42,0,7.2,EH,1699722196
307,college,64.8569,-147.8028,-8.03,79,100,1.54,US,1699722409
308,sabha,27.0377,14.4283,24.55,22,0,2.83,LY,1699722410
309,sumbawa besar,-8.5,117.4333,24.31,87,14,1.57,ID,1699722410
310,holualoa,19.6228,-155.9522,21.54,91,100,3.6,US,1699722411
311,lintong,34.378,109.2089,4.5,82,9,0.81,CN,1699722411
312,manta,-0.95,-80.7333,25.88,73,100,5.14,EC,1699722412
313,isangel,-19.55,169.2667,22.01,69,83,6.27,VU,1699722412
314,ayr,55.4627,-4.6339,4.99,81,0,1.03,GB,1699722234
315,urumqi,43.801,87.6005,-0.47,93,100,0.0,CN,1699722414
316,kone,-21.0595,164.8658,18.38,85,17,1.96,NC,1699722414
317,geraldton,-28.7667,114.6,18.23,82,48,4.12,AU,1699722415
318,puerto lempira,15.2667,-83.7667,28.98,81,85,5.31,HN,1699722416
319,sokoni,-6.4333,39.55,26.98,82,100,5.76,TZ,1699722417
320,champerico,14.3,-91.9167,28.95,73,79,2.65,GT,1699722418
321,coahuayana de hidalgo,18.7,-103.6583,31.34,59,85,0.94,MX,1699722419
322,tamanrasset,22.785,5.5228,27.95,9,0,3.6,DZ,1699722156
323,fale old settlement,-9.3852,-171.2468,28.77,73,20,3.41,TK,1699722420
324,vradiyivka,47.862,30.5919,11.32,96,95,2.95,UA,1699722421
325,chui,-33.6971,-53.4616,28.75,66,60,3.74,UY,1699722421
326,palikir - national government center,6.9248,158.1611,24.41,94,75,1.54,FM,1699722422
327,kapa'a,22.0752,-159.319,25.18,87,100,5.14,US,1699722424
328,port saint john's,-31.6229,29.5448,20.75,86,99,6.39,ZA,1699722424
329,yekaterinovka,52.0508,44.3451,3.23,86,64,3.26,RU,1699722425
330,elliot lake,46.3834,-82.6331,1.07,69,42,1.45,CA,1699722318
331,port lincoln,-34.7333,135.8667,12.54,75,99,5.15,AU,1699722426
332,vernon,50.2581,-119.2691,6.83,79,100,1.34,CA,1699722391
333,vuktyl,63.8567,57.3094,-3.83,98,97,1.34,RU,1699722428
334,eyl,7.9803,49.8164,27.33,75,100,6.92,SO,1699722429
335,whitehorse,60.7161,-135.0538,-2.17,100,75,1.54,CA,1699722324
336,semnan,35.5729,53.3971,15.43,46,77,1.15,IR,1699722430
337,nadym,65.5333,72.5167,-1.81,98,100,6.21,RU,1699722431
338,okha,53.5739,142.9478,-5.67,79,100,7.02,RU,1699722431
339,tucuma,-0.1833,-50.05,30.87,58,78,4.87,BR,1699722339
340,quixeramobim,-5.1992,-39.2928,36.03,22,1,3.76,BR,1699722240
341,harar,9.3094,42.1258,17.67,56,72,1.24,ET,1699722434
342,tolanaro,-25.0319,46.9987,21.31,70,10,5.74,MG,1699722434
343,abepura,-2.6333,140.5833,26.45,83,20,1.03,ID,1699722435
344,toliara,-23.35,43.6667,25.42,64,0,4.93,MG,1699722436
345,qaqortoq,60.7167,-46.0333,-1.51,69,37,3.22,GL,1699722436
346,kadnikov,59.5022,40.338,2.68,96,100,2.35,RU,1699722384
347,harij,23.7,71.9,24.36,24,0,3.91,IN,1699722438
348,bom jesus do galho,-19.8289,-42.3161,32.61,31,7,2.55,BR,1699722439
349,plettenberg bay,-34.0527,23.3716,16.93,82,41,4.76,ZA,1699722440
350,barbacoas,1.6715,-78.1398,29.12,76,100,2.29,CO,1699722441
351,newman,37.3138,-121.0208,14.02,53,77,1.19,US,1699722441
352,wewak,-3.5534,143.6268,25.98,86,80,1.92,PG,1699722442
353,kingston,17.997,-76.7936,32.53,55,75,3.09,JM,1699722444
354,peniche,39.3558,-9.3811,19.6,87,100,5.74,PT,1699722444
355,paraiso,9.8383,-83.8656,25.48,76,100,2.1,CR,1699722445
356,egilsstadir,65.2653,-14.3948,-4.89,81,65,1.65,IS,1699722446
357,pucheng,27.9233,118.5333,13.12,98,100,1.74,CN,1699722446
358,mega,4.05,38.3,18.46,65,86,5.25,ET,1699722447
359,rundu,-17.9333,19.7667,30.75,26,83,3.27,NA,1699722448
360,khadan khak,30.7477,67.7085,10.5,25,0,4.0,PK,1699722448
361,santyoku,37.4406,129.1708,3.92,50,20,3.82,KR,1699722449
362,tuni,17.35,82.55,23.09,74,2,1.85,IN,1699722450
363,torghay,49.6339,63.4981,5.22,86,100,4.7,KZ,1699722450
364,ino,33.55,133.4333,14.36,81,99,0.76,JP,1699722451
365,katsuura,35.1333,140.3,13.96,80,100,6.81,JP,1699722452
366,vanimo,-2.6741,141.3028,25.69,91,92,2.84,PG,1699722453
367,los frentones,-26.4077,-61.4137,43.38,20,6,4.73,AR,1699722454
368,midvagur,62.0511,-7.1939,3.46,81,40,2.06,FO,1699722455
369,richards bay,-28.783,32.0377,22.61,86,53,5.44,ZA,1699722456
370,east london,-33.0153,27.9116,20.02,77,69,7.49,ZA,1699722456
371,yangambi,0.8102,24.4336,21.41,97,100,0.44,CD,1699722457
372,celestun,20.8667,-90.4,28.87,72,92,3.91,MX,1699722458
373,susuman,62.7833,148.1667,-32.88,100,81,0.03,RU,1699722458
374,williams lake,52.1415,-122.1445,3.36,87,98,2.17,CA,1699722459
375,mount gambier,-37.8333,140.7667,7.04,91,5,2.13,AU,1699722460
376,emerald,-23.5333,148.1667,20.19,72,91,5.13,AU,1699722272
377,yigo village,13.5361,144.8886,27.62,80,40,8.75,GU,1699722461
378,puerto colombia,10.9878,-74.9547,34.05,77,83,5.37,CO,1699722462
379,springbok,-29.6643,17.8865,17.33,48,1,6.69,ZA,1699722464
380,rio grande,-32.035,-52.0986,23.06,85,98,5.92,BR,1699722345
381,la'ie,21.6477,-157.9253,25.25,75,6,3.58,US,1699722465
382,cayiralan,39.3028,35.6439,12.96,46,65,2.74,TR,1699722467
383,tralee,52.2704,-9.7026,10.14,76,20,7.2,IE,1699722469
384,queenstown,-31.8976,26.8753,18.84,64,71,5.54,ZA,1699722470
385,copiapo,-27.3667,-70.3333,28.64,22,0,4.84,CL,1699722470
386,boende,-0.2167,20.8667,22.34,98,100,0.93,CD,1699722471
387,danilovka,50.3557,44.1168,4.75,81,76,4.09,RU,1699722472
388,kalulushi,-12.8378,28.0919,23.79,50,72,2.54,ZM,1699722472
389,poland,44.0606,-70.3937,5.82,56,0,6.17,US,1699722473
390,piossasco,44.9905,7.4637,11.82,64,35,0.89,IT,1699722473
391,saldanha,-33.0117,17.9442,16.32,85,28,5.06,ZA,1699722474
392,las heras,-46.5419,-68.9359,17.76,16,41,13.53,AR,1699722475
393,ocampo,21.65,-101.5,17.84,64,99,5.16,MX,1699722475
394,cidreira,-30.1811,-50.2056,22.28,96,98,3.32,BR,1699722476
395,jinjiang,24.8198,118.5741,21.68,72,68,5.28,CN,1699722477
396,gemena,3.25,19.7667,22.71,95,86,0.62,CD,1699722477
397,maturin,9.75,-63.1767,33.62,45,100,3.26,VE,1699722410
398,chanika,-5.4167,38.0167,21.32,95,99,2.21,TZ,1699722479
399,mount pearl,47.5166,-52.7813,3.41,93,100,5.36,CA,1699722480
400,brigantine,39.4101,-74.3646,13.11,60,0,3.09,US,1699722480
401,colonia,50.9333,6.95,8.31,82,20,2.57,DE,1699722438
402,bengkulu,-3.8004,102.2655,23.97,93,14,1.59,ID,1699722482
403,puerto asis,0.5133,-76.5007,31.51,56,93,1.26,CO,1699722482
404,zhosaly,45.4878,64.0781,8.07,66,92,8.13,KZ,1699722483
405,camabatela,-8.1881,15.375,18.78,94,97,0.82,AO,1699722483
406,road town,18.4167,-64.6167,30.02,70,40,5.14,VG,1699722224
407,ostersund,63.1792,14.6357,-4.75,100,20,2.57,SE,1699722485
408,yemva,62.59,50.8594,-0.71,79,99,3.43,RU,1699722485
409,villa tupac amaru,-13.7,-76.15,20.68,83,100,3.6,PE,1699722486
410,golere,16.2557,-14.1017,36.65,10,29,1.37,SN,1699722487
411,kamaishi,39.2667,141.8833,4.44,76,28,2.13,JP,1699722487
412,walvis bay,-22.9575,14.5053,17.14,80,62,9.43,NA,1699722488
413,medea,36.2642,2.7539,14.79,62,8,2.44,DZ,1699722488
414,petropavlovsk-kamchatsky,53.0452,158.6483,0.33,98,75,7.0,RU,1699722489
415,torrington,41.8007,-73.1212,10.63,65,13,1.79,US,1699722490
416,saint-remi,45.2668,-73.6159,2.6,72,17,1.34,CA,1699722491
417,nurota,40.5614,65.6886,9.06,56,79,2.79,UZ,1699722491
418,muragacha,23.5333,88.4,23.25,54,0,2.32,IN,1699722492
419,pemangkat,1.1667,108.9667,26.55,81,100,1.68,ID,1699722493
420,vilyuchinsk,52.9306,158.4028,1.15,74,74,12.28,RU,1699722493
421,nemuro,43.3236,145.575,2.53,66,25,6.35,JP,1699722494
422,kyzyl-suu,42.3414,78.0056,2.97,46,34,3.86,KG,1699722494
423,kerikeri,-35.2268,173.9474,8.42,86,80,2.0,NZ,1699722420
424,byelaazyorsk,52.4731,25.1784,6.86,94,100,1.92,BY,1699722495
425,newnham,-41.3833,147.1333,12.53,82,100,4.63,AU,1699722496
426,kavieng,-2.5744,150.7967,27.7,79,96,4.51,PG,1699722497
427,i-n-salah,27.1935,2.4607,27.33,17,8,3.76,DZ,1699722497
428,tan-tan,28.438,-11.1032,23.97,64,0,5.14,MA,1699722299
429,tangalle,6.024,80.7911,25.89,88,73,1.61,LK,1699722291
430,dryden,49.7833,-92.7503,-2.84,86,100,3.09,CA,1699722226
431,jabor,5.921,169.6434,27.27,86,100,7.26,MH,1699722499
432,morondava,-20.2833,44.2833,25.57,72,0,7.15,MG,1699722500
433,shubarkuduk,49.1447,56.4872,4.27,83,100,7.3,KZ,1699722500
434,batang,-6.4846,110.7083,27.18,75,35,2.71,ID,1699722501
435,valle hermoso,25.6667,-97.8333,15.94,93,100,4.91,MX,1699722501
436,gornopravdinsk,60.05,69.9,0.61,99,100,2.74,RU,1699722502
437,prishibinskoye,39.1196,48.5936,12.88,84,100,1.29,AZ,1699722502
438,sabang,5.8933,95.3214,26.93,82,100,5.83,ID,1699722503
439,danielskuil,-28.1887,23.5395,28.19,16,44,7.36,ZA,1699722503
440,mombasa,-4.0547,39.6636,27.23,83,75,2.06,KE,1699722504
441,forshaga,59.5254,13.4813,4.29,93,100,2.06,SE,1699722504
442,tikrit,34.6071,43.6782,23.21,29,100,1.89,IQ,1699722505
443,calabozo,8.9242,-67.4293,32.29,53,96,3.72,VE,1699722506
444,viqueque,-8.8673,126.3658,24.31,85,100,1.0,TL,1699722506
445,padang,-0.9492,100.3543,24.03,90,67,0.95,ID,1699722507
446,macapa,0.0389,-51.0664,33.99,49,75,6.69,BR,1699722508
447,cabo san lucas,22.8909,-109.9124,27.01,58,0,1.76,MX,1699721882
448,inari,68.906,27.0288,-14.89,99,61,1.35,FI,1699722509
449,punta cana,18.5818,-68.4043,30.87,70,20,6.17,DO,1699722223
450,korla,41.7597,86.1469,3.94,76,48,2.95,CN,1699722510
451,nagqu,31.5,92.0,-2.6,55,100,1.32,CN,1699722511
452,kharp,66.8014,65.8081,-6.82,95,94,1.97,RU,1699722512
453,cartagena,10.3997,-75.5144,31.79,74,40,3.09,CO,1699722512
454,portland,45.5234,-122.6762,12.57,89,75,7.72,US,1699721960
455,ugoofaaru,5.6667,73.0,27.93,76,78,1.89,MV,1699722513
456,sirte,31.2089,16.5887,23.3,72,0,6.29,LY,1699722514
457,salinas,36.6777,-121.6555,16.57,51,0,3.6,US,1699722514
458,soto la marina,23.7667,-98.2167,19.6,76,100,3.1,MX,1699722515
459,crixas,-14.5489,-49.9692,39.3,18,37,3.45,BR,1699722515
460,mangrol,21.1167,70.1167,28.08,50,14,2.84,IN,1699722516
461,zaozersk,69.4005,32.4476,-4.35,94,81,2.35,RU,1699722516
462,acarau,-2.8856,-40.12,30.82,52,32,8.98,BR,1699722517
463,mweka,-4.85,21.5667,20.88,99,100,0.32,CD,1699722518
464,yakeshi,49.2833,120.7333,-24.84,100,94,1.3,CN,1699722518
465,pangkalpinang,-2.1333,106.1333,27.06,79,48,2.29,ID,1699722519
466,hailin,44.5833,129.4167,-19.4,97,50,1.5,CN,1699722519
467,nuuk,64.1835,-51.7216,-5.07,73,54,4.47,GL,1699722520
468,broome,42.2506,-75.833,6.92,74,100,5.14,US,1699722520
469,lackland air force base,29.3866,-98.618,16.1,78,100,3.6,US,1699722345
470,amungan,15.3652,119.9582,26.94,80,93,1.52,PH,1699722521
471,chakari,-18.0629,29.8925,27.1,18,91,1.82,ZW,1699722522
472,songjianghe,42.1859,127.479,-13.5,99,88,0.69,CN,1699722522
473,uzyn,49.8262,30.4149,8.46,98,100,4.53,UA,1699722523
474,san luis del palmar,-27.5079,-58.5545,37.93,44,98,1.62,AR,1699722524
475,st. john's,47.5649,-52.7093,3.87,93,100,8.75,CA,1699722272
476,aligudarz,33.4006,49.6949,11.38,33,14,0.7,IR,1699722525
477,wattegama,6.7989,81.4808,24.06,94,55,1.21,LK,1699722525
478,pyapon,16.2833,95.6833,25.02,91,16,1.95,MM,1699722526
479,vallecrosia,43.7867,7.639,13.96,61,53,1.96,IT,1699722526
480,brockville,44.5834,-75.6826,2.08,68,6,1.34,CA,1699722405
481,guaruja,-23.9931,-46.2564,29.92,26,0,3.09,BR,1699722373
482,sakaiminato,35.55,133.2333,12.6,85,89,3.47,JP,1699722528
483,mejit,10.2753,170.8646,27.29,83,100,7.85,MH,1699722528
484,vega de alatorre,20.0333,-96.6333,27.09,73,29,5.61,MX,1699722529
485,karratha,-20.7377,116.8463,25.21,56,0,7.11,AU,1699722529
486,batouri,4.4333,14.3667,22.31,94,99,1.05,CM,1699722530
487,anaconda,46.1285,-112.9423,5.55,60,65,4.29,US,1699722531
488,muynoq,43.7683,59.0214,8.45,60,7,4.88,UZ,1699722531
489,yelizovo,53.1873,158.3805,1.08,74,75,7.15,RU,1699722532
490,north las vegas,36.1989,-115.1175,17.97,16,0,0.0,US,1699722510
491,susangerd,31.5608,48.1831,27.22,29,10,2.79,IR,1699722533
492,siloam springs,36.1881,-94.5405,15.25,37,75,2.57,US,1699722533
493,baardheere,2.3446,42.2764,28.21,72,98,4.36,SO,1699722534
494,camana,-16.6228,-72.7111,20.45,85,95,3.38,PE,1699722534
495,kalabo,-14.97,22.6814,27.83,37,98,1.77,ZM,1699722535
496,sergeyevka,53.88,67.4158,3.85,91,99,3.31,KZ,1699722535
497,kattanam,9.1762,76.5649,25.51,90,100,2.73,IN,1699722536
498,shitanjing,39.2342,106.3439,-5.72,16,0,1.16,CN,1699722537
499,broken hill,-31.95,141.4333,19.14,23,74,8.13,AU,1699722508
500,mata-utu,-13.2816,-176.1745,27.98,81,68,4.78,WF,1699722538
501,lycksele,64.5954,18.6735,-11.07,92,100,1.54,SE,1699722539
502,fort st. john,56.2499,-120.8529,0.56,77,84,3.45,CA,1699722429
503,lagos,6.5833,3.75,27.47,81,18,3.41,NG,1699722270
504,verdal,63.7933,11.4817,0.02,64,66,4.05,NO,1699722540
505,kralendijk,12.15,-68.2667,28.33,82,100,10.74,BQ,1699722540
506,conceicao do araguaia,-8.2578,-49.2647,36.69,29,35,3.7,BR,1699722541
507,bodaybo,57.8506,114.1933,-17.69,100,92,0.8,RU,1699722542
508,zemio,5.0314,25.1361,22.32,94,91,0.83,CF,1699722542
509,zaysan,47.4667,84.8667,0.19,90,29,1.14,KZ,1699722543
510,lidzbark warminski,54.1259,20.5795,7.55,90,99,1.53,PL,1699722543
511,mbanza kongo,-6.267,14.2401,21.22,93,100,0.81,AO,1699722272
512,kuala belait,4.5833,114.1833,25.5,87,100,1.26,BN,1699722544
513,pangody,65.85,74.4859,-2.55,97,100,5.75,RU,1699722545
514,luwuk,-0.9516,122.7875,25.26,86,97,1.21,ID,1699722545
515,udangudi,8.4333,78.0167,26.38,86,99,6.91,IN,1699722546
516,tyn nad vltavou,49.2234,14.4206,5.61,83,100,5.37,CZ,1699722546
517,keita,14.7551,5.7749,31.6,11,60,3.2,NE,1699722547
518,weno,7.4515,151.8468,28.32,79,64,5.98,FM,1699722547
519,inirida,3.8653,-67.9239,29.59,73,98,1.0,CO,1699722548
520,horta,38.5333,-28.6333,20.8,91,40,5.81,PT,1699722549
521,petrovsk-zabaykal'skiy,51.273,108.843,-14.88,98,31,1.19,RU,1699722549
522,xilin hot,43.9667,116.0333,-14.86,89,91,1.8,CN,1699722550
523,nyagan,62.1406,65.3936,0.28,88,100,1.98,RU,1699722551
524,muscat,23.6139,58.5922,27.01,54,27,1.26,OM,1699722551
525,lata,40.1629,-8.3327,18.37,90,100,3.12,PT,1699722552
526,twante,16.7167,95.9333,29.07,90,22,2.38,MM,1699722553
527,rabaul,-4.1967,152.1721,25.67,80,97,6.26,PG,1699722553
528,lompoc,34.6391,-120.4579,20.43,41,0,2.06,US,1699722554
529,iquique,-20.2208,-70.1431,20.95,72,16,2.83,CL,1699722554
530,remire-montjoly,4.9167,-52.2667,29.19,72,2,5.77,GF,1699722555
531,alaghsas,17.0187,8.0168,30.8,12,13,4.67,NE,1699722555
532,sos'va,59.1766,61.8558,1.7,90,100,2.68,RU,1699722556
533,kapuskasing,49.4169,-82.4331,-2.12,78,96,1.77,CA,1699722556
534,aswan,24.0934,32.907,31.98,27,98,3.45,EG,1699722557
535,pathein,16.7833,94.7333,25.26,88,49,2.54,MM,1699722557
536,hilo,19.7297,-155.09,24.23,95,100,2.57,US,1699722558
537,nefta,33.8731,7.8777,20.43,36,2,0.89,TN,1699722559
538,srivardhan,18.0333,73.0167,27.31,74,16,1.87,IN,1699722560
539,zapolyarnyy,69.4154,30.8136,-5.4,100,88,1.76,RU,1699722560
540,nelson bay,-32.7167,152.15,21.11,89,12,3.13,AU,1699722561
541,mogadishu,2.0371,45.3438,27.48,78,70,7.14,SO,1699722561
542,tadine,-21.55,167.8833,21.49,70,38,7.97,NC,1699722563
543,cambria,35.5641,-121.0808,19.72,68,12,0.45,US,1699722563
544,airway heights,47.6446,-117.5933,9.47,54,75,9.77,US,1699722566
545,orchard homes,46.8633,-114.0484,4.34,79,100,1.54,US,1699722569
546,ironwood,46.4547,-90.171,2.12,87,100,0.0,US,1699722570
547,shubarshi,48.5872,57.1869,4.04,84,99,7.78,KZ,1699722571
548,ryotsu-minato,38.0833,138.4333,7.83,58,94,2.47,JP,1699722571
549,los llanos de aridane,28.6585,-17.9182,22.29,79,75,4.12,ES,1699722572
550,rakops,-21.0167,24.3333,32.39,20,86,2.98,BW,1699722572
551,maridi,4.9158,29.4742,26.1,58,82,1.84,SS,1699722573
552,la passe,45.5549,-0.8967,12.13,93,100,4.99,FR,1699722574
553,cheremshan,54.6667,51.5,0.69,89,43,2.14,RU,1699722574
554,hafar al-batin,28.4328,45.9708,22.32,33,0,2.57,SA,1699722575
555,bandon,51.7469,-8.7425,9.77,82,100,7.75,IE,1699722576
556,ta`u,-14.2336,-169.5144,27.07,83,16,4.96,AS,1699722576
557,fada,9.5667,8.3,26.54,39,37,0.78,NG,1699722577
558,makhambet,47.6667,51.5833,6.46,61,0,3.29,KZ,1699722577
559,khash,28.2211,61.2158,15.56,18,25,2.47,IR,1699722579
560,merizo village,13.2658,144.6691,28.31,85,93,9.11,GU,1699722579
561,prescott,34.54,-112.4685,13.28,33,0,1.54,US,1699722580
562,noumea,-22.2763,166.4572,18.99,81,73,5.5,NC,1699722580
563,ambon,-3.6954,128.1814,27.82,13,20,2.06,ID,1699722582
564,san patricio,28.017,-97.5169,15.66,81,100,3.47,US,1699722583
565,navia,43.5354,-6.7194,18.11,76,100,6.34,ES,1699722584
566,qamdo,31.1667,97.2333,-2.75,54,33,0.26,CN,1699722585
567,mangalia,43.8,28.5833,16.63,67,100,7.41,RO,1699722585
568,itupiranga,-5.1347,-49.3267,32.18,60,64,0.59,BR,1699722586
569,vallenar,-28.5708,-70.7581,26.99,16,0,5.49,CL,1699722586
570,yeppoon,-23.1333,150.7333,20.88,68,68,4.53,AU,1699722587
571,quatre cocos,-20.2078,57.7625,23.94,76,91,0.37,MU,1699722588
572,mil'kovo,55.6078,37.7956,5.23,86,100,4.33,RU,1699722588
573,shama junction,5.0087,-1.6301,27.78,81,64,3.97,GH,1699722589
574,princeville,45.7668,-61.2985,6.46,84,92,4.02,CA,1699722589
575,essaouira,31.5125,-9.77,21.84,72,6,8.4,MA,1699722590
576,zabol,32.25,67.25,8.92,29,3,4.37,AF,1699722590
577,tagiura,32.8817,13.3506,22.0,58,2,4.53,LY,1699722591
578,lichuan,30.3,108.85,8.16,97,100,1.77,CN,1699722591
579,peace river,56.2501,-117.286,2.17,69,75,3.6,CA,1699722380
580,porto barra do ivinheima,-22.9667,-53.6667,40.31,22,85,4.02,BR,1699722592
581,luanda,-8.8368,13.2343,27.0,78,75,4.12,AO,1699722593
582,wladyslawowo,54.7909,18.4009,7.74,81,100,0.85,PL,1699722593
583,meulaboh,4.1363,96.1285,24.91,90,100,1.85,ID,1699722594
584,marka,1.7159,44.7717,27.64,79,97,4.82,SO,1699722594
585,merrill,45.1805,-89.6835,2.97,78,75,0.45,US,1699722359
586,xianning,29.8833,114.2167,7.52,90,100,4.51,CN,1699722595
587,sola,-13.8833,167.55,26.18,82,100,12.29,VU,1699722596
588,trinidad,-14.8333,-64.9,37.99,39,40,7.2,BO,1699722597
589,keflavik,64.0049,-22.5624,4.24,93,75,5.14,IS,1699722597
590,norilsk,69.3535,88.2027,-10.67,94,100,2.42,RU,1699722386
